"Benchmark","Mode","Threads","Samples","Score","Score Error (99.9%)","Unit","Param: size"
"customstack.CustomStackBenchmark.testAddAll","avgt",1,3,17562.873932,7332.988354,"ns/op",10000
"customstack.CustomStackBenchmark.testAddAll","avgt",1,3,35925.892613,33444.126010,"ns/op",20000
"customstack.CustomStackBenchmark.testAddAll","avgt",1,3,56600.502497,107865.085150,"ns/op",30000
"customstack.CustomStackBenchmark.testAddAll","avgt",1,3,84289.989637,82399.778500,"ns/op",40000
"customstack.CustomStackBenchmark.testAddAll","avgt",1,3,102799.299174,53095.771322,"ns/op",50000
"customstack.CustomStackBenchmark.testAddAll","avgt",1,3,124055.368363,2008.316981,"ns/op",60000
"customstack.CustomStackBenchmark.testAddAll","avgt",1,3,150042.924658,6225.645972,"ns/op",70000
"customstack.CustomStackBenchmark.testAddAll","avgt",1,3,169192.644382,21517.550182,"ns/op",80000
"customstack.CustomStackBenchmark.testAddAll","avgt",1,3,187883.319395,34162.509380,"ns/op",90000
"customstack.CustomStackBenchmark.testAddAll","avgt",1,3,212178.542315,19219.791893,"ns/op",100000
"customstack.CustomStackBenchmark.testAddAllAtIndex","avgt",1,3,866.814630,25.203686,"ns/op",10000
"customstack.CustomStackBenchmark.testAddAllAtIndex","avgt",1,3,1407.638031,372.631520,"ns/op",20000
"customstack.CustomStackBenchmark.testAddAllAtIndex","avgt",1,3,8772.258195,10477.591776,"ns/op",30000
"customstack.CustomStackBenchmark.testAddAllAtIndex","avgt",1,3,2452.337425,1161.083894,"ns/op",40000
"customstack.CustomStackBenchmark.testAddAllAtIndex","avgt",1,3,3093.444722,931.192359,"ns/op",50000
"customstack.CustomStackBenchmark.testAddAllAtIndex","avgt",1,3,18745.899870,17402.836017,"ns/op",60000
"customstack.CustomStackBenchmark.testAddAllAtIndex","avgt",1,3,4379.301000,2982.773520,"ns/op",70000
"customstack.CustomStackBenchmark.testAddAllAtIndex","avgt",1,3,5181.673510,14146.982913,"ns/op",80000
"customstack.CustomStackBenchmark.testAddAllAtIndex","avgt",1,3,5473.251067,5162.243122,"ns/op",90000
"customstack.CustomStackBenchmark.testAddAllAtIndex","avgt",1,3,5863.099103,1153.329099,"ns/op",100000
"customstack.CustomStackBenchmark.testAddAtIndex","avgt",1,3,507.462038,113.956745,"ns/op",10000
"customstack.CustomStackBenchmark.testAddAtIndex","avgt",1,3,949.455592,825.286546,"ns/op",20000
"customstack.CustomStackBenchmark.testAddAtIndex","avgt",1,3,1332.652564,293.837949,"ns/op",30000
"customstack.CustomStackBenchmark.testAddAtIndex","avgt",1,3,1798.645044,226.988115,"ns/op",40000
"customstack.CustomStackBenchmark.testAddAtIndex","avgt",1,3,2284.836176,122.961055,"ns/op",50000
"customstack.CustomStackBenchmark.testAddAtIndex","avgt",1,3,2735.593030,23.293570,"ns/op",60000
"customstack.CustomStackBenchmark.testAddAtIndex","avgt",1,3,3218.915486,563.935900,"ns/op",70000
"customstack.CustomStackBenchmark.testAddAtIndex","avgt",1,3,3670.182389,167.788895,"ns/op",80000
"customstack.CustomStackBenchmark.testAddAtIndex","avgt",1,3,4112.991388,298.713263,"ns/op",90000
"customstack.CustomStackBenchmark.testAddAtIndex","avgt",1,3,4584.686594,159.393488,"ns/op",100000
"customstack.CustomStackBenchmark.testAddElement","avgt",1,3,26230.817987,31301.164945,"ns/op",10000
"customstack.CustomStackBenchmark.testAddElement","avgt",1,3,50134.033221,12232.296926,"ns/op",20000
"customstack.CustomStackBenchmark.testAddElement","avgt",1,3,70965.651284,36259.718433,"ns/op",30000
"customstack.CustomStackBenchmark.testAddElement","avgt",1,3,90470.185744,6901.301857,"ns/op",40000
"customstack.CustomStackBenchmark.testAddElement","avgt",1,3,113416.224873,74354.106928,"ns/op",50000
"customstack.CustomStackBenchmark.testAddElement","avgt",1,3,130484.249574,71775.249541,"ns/op",60000
"customstack.CustomStackBenchmark.testAddElement","avgt",1,3,159621.930708,46138.470078,"ns/op",70000
"customstack.CustomStackBenchmark.testAddElement","avgt",1,3,178348.977534,10984.316167,"ns/op",80000
"customstack.CustomStackBenchmark.testAddElement","avgt",1,3,197368.936990,16287.690978,"ns/op",90000
"customstack.CustomStackBenchmark.testAddElement","avgt",1,3,223824.571443,244329.608110,"ns/op",100000
"customstack.CustomStackBenchmark.testCapacity","avgt",1,3,33.912300,35.791803,"ns/op",10000
"customstack.CustomStackBenchmark.testCapacity","avgt",1,3,33.903135,117.648902,"ns/op",20000
"customstack.CustomStackBenchmark.testCapacity","avgt",1,3,41.072442,146.864907,"ns/op",30000
"customstack.CustomStackBenchmark.testCapacity","avgt",1,3,57.843702,216.613484,"ns/op",40000
"customstack.CustomStackBenchmark.testCapacity","avgt",1,3,46.861891,137.729737,"ns/op",50000
"customstack.CustomStackBenchmark.testCapacity","avgt",1,3,46.594011,109.457171,"ns/op",60000
"customstack.CustomStackBenchmark.testCapacity","avgt",1,3,39.438225,35.746189,"ns/op",70000
"customstack.CustomStackBenchmark.testCapacity","avgt",1,3,43.559980,119.333409,"ns/op",80000
"customstack.CustomStackBenchmark.testCapacity","avgt",1,3,45.699576,102.804405,"ns/op",90000
"customstack.CustomStackBenchmark.testCapacity","avgt",1,3,44.631244,155.103091,"ns/op",100000
"customstack.CustomStackBenchmark.testClear","avgt",1,3,2396.646995,4.410306,"ns/op",10000
"customstack.CustomStackBenchmark.testClear","avgt",1,3,5294.691268,16221.938552,"ns/op",20000
"customstack.CustomStackBenchmark.testClear","avgt",1,3,12298.746044,123280.939472,"ns/op",30000
"customstack.CustomStackBenchmark.testClear","avgt",1,3,22438.662715,131565.725080,"ns/op",40000
"customstack.CustomStackBenchmark.testClear","avgt",1,3,33465.824555,1275.056211,"ns/op",50000
"customstack.CustomStackBenchmark.testClear","avgt",1,3,40151.785581,3398.121493,"ns/op",60000
"customstack.CustomStackBenchmark.testClear","avgt",1,3,46949.613522,2576.502281,"ns/op",70000
"customstack.CustomStackBenchmark.testClear","avgt",1,3,53609.338466,3120.582180,"ns/op",80000
"customstack.CustomStackBenchmark.testClear","avgt",1,3,59768.686997,4828.862682,"ns/op",90000
"customstack.CustomStackBenchmark.testClear","avgt",1,3,67281.313995,10027.152567,"ns/op",100000
"customstack.CustomStackBenchmark.testClone","avgt",1,3,2333.761683,3671.661022,"ns/op",10000
"customstack.CustomStackBenchmark.testClone","avgt",1,3,4610.872910,15054.944073,"ns/op",20000
"customstack.CustomStackBenchmark.testClone","avgt",1,3,3961.336861,11915.233998,"ns/op",30000
"customstack.CustomStackBenchmark.testClone","avgt",1,3,9321.594927,10274.043542,"ns/op",40000
"customstack.CustomStackBenchmark.testClone","avgt",1,3,10635.011575,44892.249549,"ns/op",50000
"customstack.CustomStackBenchmark.testClone","avgt",1,3,9814.230989,7126.974903,"ns/op",60000
"customstack.CustomStackBenchmark.testClone","avgt",1,3,21284.396676,11498.954467,"ns/op",70000
"customstack.CustomStackBenchmark.testClone","avgt",1,3,20757.086218,1080.177765,"ns/op",80000
"customstack.CustomStackBenchmark.testClone","avgt",1,3,19989.982873,17320.890467,"ns/op",90000
"customstack.CustomStackBenchmark.testClone","avgt",1,3,25895.241020,74162.368149,"ns/op",100000
"customstack.CustomStackBenchmark.testConstructorDefault","avgt",1,3,33.460795,9.250616,"ns/op",10000
"customstack.CustomStackBenchmark.testConstructorDefault","avgt",1,3,37.685577,111.335181,"ns/op",20000
"customstack.CustomStackBenchmark.testConstructorDefault","avgt",1,3,50.203872,348.680156,"ns/op",30000
"customstack.CustomStackBenchmark.testConstructorDefault","avgt",1,3,63.369281,333.365890,"ns/op",40000
"customstack.CustomStackBenchmark.testConstructorDefault","avgt",1,3,57.393909,197.000100,"ns/op",50000
"customstack.CustomStackBenchmark.testConstructorDefault","avgt",1,3,54.364310,48.896773,"ns/op",60000
"customstack.CustomStackBenchmark.testConstructorDefault","avgt",1,3,44.835851,62.287697,"ns/op",70000
"customstack.CustomStackBenchmark.testConstructorDefault","avgt",1,3,48.815516,164.179057,"ns/op",80000
"customstack.CustomStackBenchmark.testConstructorDefault","avgt",1,3,69.794674,567.829036,"ns/op",90000
"customstack.CustomStackBenchmark.testConstructorDefault","avgt",1,3,53.329072,96.897837,"ns/op",100000
"customstack.CustomStackBenchmark.testContains","avgt",1,3,4235.430473,7947.676653,"ns/op",10000
"customstack.CustomStackBenchmark.testContains","avgt",1,3,7157.737021,1053.064344,"ns/op",20000
"customstack.CustomStackBenchmark.testContains","avgt",1,3,10507.429291,4990.031330,"ns/op",30000
"customstack.CustomStackBenchmark.testContains","avgt",1,3,15818.346393,8645.840636,"ns/op",40000
"customstack.CustomStackBenchmark.testContains","avgt",1,3,19709.901587,48495.422502,"ns/op",50000
"customstack.CustomStackBenchmark.testContains","avgt",1,3,21449.069978,1006.584698,"ns/op",60000
"customstack.CustomStackBenchmark.testContains","avgt",1,3,27053.816090,12984.377145,"ns/op",70000
"customstack.CustomStackBenchmark.testContains","avgt",1,3,30101.916183,15233.795612,"ns/op",80000
"customstack.CustomStackBenchmark.testContains","avgt",1,3,33659.977977,17623.928785,"ns/op",90000
"customstack.CustomStackBenchmark.testContains","avgt",1,3,37667.137618,22111.382187,"ns/op",100000
"customstack.CustomStackBenchmark.testContainsAll","avgt",1,3,12303.362780,182.246024,"ns/op",10000
"customstack.CustomStackBenchmark.testContainsAll","avgt",1,3,24120.244713,5617.941356,"ns/op",20000
"customstack.CustomStackBenchmark.testContainsAll","avgt",1,3,34931.280824,903.045403,"ns/op",30000
"customstack.CustomStackBenchmark.testContainsAll","avgt",1,3,46289.929751,1749.663237,"ns/op",40000
"customstack.CustomStackBenchmark.testContainsAll","avgt",1,3,57277.239357,910.713932,"ns/op",50000
"customstack.CustomStackBenchmark.testContainsAll","avgt",1,3,69531.181088,784.339525,"ns/op",60000
"customstack.CustomStackBenchmark.testContainsAll","avgt",1,3,81056.438026,11144.013677,"ns/op",70000
"customstack.CustomStackBenchmark.testContainsAll","avgt",1,3,97873.634290,18666.276103,"ns/op",80000
"customstack.CustomStackBenchmark.testContainsAll","avgt",1,3,108613.682852,3422.864901,"ns/op",90000
"customstack.CustomStackBenchmark.testContainsAll","avgt",1,3,120176.192645,5448.053897,"ns/op",100000
"customstack.CustomStackBenchmark.testEmpty","avgt",1,3,31.910043,8.299919,"ns/op",10000
"customstack.CustomStackBenchmark.testEmpty","avgt",1,3,35.883134,111.858767,"ns/op",20000
"customstack.CustomStackBenchmark.testEmpty","avgt",1,3,39.366948,145.786576,"ns/op",30000
"customstack.CustomStackBenchmark.testEmpty","avgt",1,3,53.252597,212.080240,"ns/op",40000
"customstack.CustomStackBenchmark.testEmpty","avgt",1,3,47.790324,93.477898,"ns/op",50000
"customstack.CustomStackBenchmark.testEmpty","avgt",1,3,47.520880,48.122124,"ns/op",60000
"customstack.CustomStackBenchmark.testEmpty","avgt",1,3,46.454718,168.443343,"ns/op",70000
"customstack.CustomStackBenchmark.testEmpty","avgt",1,3,53.946398,395.477687,"ns/op",80000
"customstack.CustomStackBenchmark.testEmpty","avgt",1,3,44.326274,24.580381,"ns/op",90000
"customstack.CustomStackBenchmark.testEmpty","avgt",1,3,46.340776,177.004098,"ns/op",100000
"customstack.CustomStackBenchmark.testEnsureCapacity","avgt",1,3,2995.162733,3278.845096,"ns/op",10000
"customstack.CustomStackBenchmark.testEnsureCapacity","avgt",1,3,6029.240105,1467.616748,"ns/op",20000
"customstack.CustomStackBenchmark.testEnsureCapacity","avgt",1,3,5701.582891,5683.912255,"ns/op",30000
"customstack.CustomStackBenchmark.testEnsureCapacity","avgt",1,3,14335.017760,49657.097350,"ns/op",40000
"customstack.CustomStackBenchmark.testEnsureCapacity","avgt",1,3,12022.470815,1572.651938,"ns/op",50000
"customstack.CustomStackBenchmark.testEnsureCapacity","avgt",1,3,12964.668514,4982.896154,"ns/op",60000
"customstack.CustomStackBenchmark.testEnsureCapacity","avgt",1,3,27566.262912,7727.105474,"ns/op",70000
"customstack.CustomStackBenchmark.testEnsureCapacity","avgt",1,3,28744.511170,4960.853289,"ns/op",80000
"customstack.CustomStackBenchmark.testEnsureCapacity","avgt",1,3,26437.191789,21026.368650,"ns/op",90000
"customstack.CustomStackBenchmark.testEnsureCapacity","avgt",1,3,31832.946917,16354.150098,"ns/op",100000
"customstack.CustomStackBenchmark.testEquals","avgt",1,3,15931.895666,7292.351229,"ns/op",10000
"customstack.CustomStackBenchmark.testEquals","avgt",1,3,30465.266425,1036.425936,"ns/op",20000
"customstack.CustomStackBenchmark.testEquals","avgt",1,3,45322.168696,8157.000119,"ns/op",30000
"customstack.CustomStackBenchmark.testEquals","avgt",1,3,62232.991744,4325.326685,"ns/op",40000
"customstack.CustomStackBenchmark.testEquals","avgt",1,3,78198.696145,46940.670446,"ns/op",50000
"customstack.CustomStackBenchmark.testEquals","avgt",1,3,91822.533081,1554.651512,"ns/op",60000
"customstack.CustomStackBenchmark.testEquals","avgt",1,3,113669.565429,115042.862531,"ns/op",70000
"customstack.CustomStackBenchmark.testEquals","avgt",1,3,125058.135857,4528.400706,"ns/op",80000
"customstack.CustomStackBenchmark.testEquals","avgt",1,3,138585.341631,2548.795236,"ns/op",90000
"customstack.CustomStackBenchmark.testEquals","avgt",1,3,160690.320681,92830.812421,"ns/op",100000
"customstack.CustomStackBenchmark.testGet","avgt",1,3,38.493289,77.060923,"ns/op",10000
"customstack.CustomStackBenchmark.testGet","avgt",1,3,38.028831,72.165818,"ns/op",20000
"customstack.CustomStackBenchmark.testGet","avgt",1,3,45.536408,172.504448,"ns/op",30000
"customstack.CustomStackBenchmark.testGet","avgt",1,3,55.616380,126.691403,"ns/op",40000
"customstack.CustomStackBenchmark.testGet","avgt",1,3,59.946416,176.794988,"ns/op",50000
"customstack.CustomStackBenchmark.testGet","avgt",1,3,50.430270,55.149935,"ns/op",60000
"customstack.CustomStackBenchmark.testGet","avgt",1,3,52.824647,60.848510,"ns/op",70000
"customstack.CustomStackBenchmark.testGet","avgt",1,3,52.145376,81.367262,"ns/op",80000
"customstack.CustomStackBenchmark.testGet","avgt",1,3,50.345395,15.026328,"ns/op",90000
"customstack.CustomStackBenchmark.testGet","avgt",1,3,61.102254,185.763971,"ns/op",100000
"customstack.CustomStackBenchmark.testHashCode","avgt",1,3,10961.938475,9727.479437,"ns/op",10000
"customstack.CustomStackBenchmark.testHashCode","avgt",1,3,20843.380779,2083.607588,"ns/op",20000
"customstack.CustomStackBenchmark.testHashCode","avgt",1,3,31116.192849,7742.545531,"ns/op",30000
"customstack.CustomStackBenchmark.testHashCode","avgt",1,3,43598.051585,1151.277633,"ns/op",40000
"customstack.CustomStackBenchmark.testHashCode","avgt",1,3,54256.432812,45160.675037,"ns/op",50000
"customstack.CustomStackBenchmark.testHashCode","avgt",1,3,65802.201392,58900.264841,"ns/op",60000
"customstack.CustomStackBenchmark.testHashCode","avgt",1,3,76092.205778,3825.295502,"ns/op",70000
"customstack.CustomStackBenchmark.testHashCode","avgt",1,3,85329.555118,4776.882550,"ns/op",80000
"customstack.CustomStackBenchmark.testHashCode","avgt",1,3,97639.141358,51357.681625,"ns/op",90000
"customstack.CustomStackBenchmark.testHashCode","avgt",1,3,108686.511062,35390.350121,"ns/op",100000
"customstack.CustomStackBenchmark.testIndexOf","avgt",1,3,11224.489129,283.667495,"ns/op",10000
"customstack.CustomStackBenchmark.testIndexOf","avgt",1,3,22407.961169,486.025206,"ns/op",20000
"customstack.CustomStackBenchmark.testIndexOf","avgt",1,3,33504.963925,616.873438,"ns/op",30000
"customstack.CustomStackBenchmark.testIndexOf","avgt",1,3,44828.873912,5813.990990,"ns/op",40000
"customstack.CustomStackBenchmark.testIndexOf","avgt",1,3,55755.569511,1841.670076,"ns/op",50000
"customstack.CustomStackBenchmark.testIndexOf","avgt",1,3,66951.271493,2362.487540,"ns/op",60000
"customstack.CustomStackBenchmark.testIndexOf","avgt",1,3,78046.092836,1907.200242,"ns/op",70000
"customstack.CustomStackBenchmark.testIndexOf","avgt",1,3,89248.267263,1452.065502,"ns/op",80000
"customstack.CustomStackBenchmark.testIndexOf","avgt",1,3,100367.602284,566.075499,"ns/op",90000
"customstack.CustomStackBenchmark.testIndexOf","avgt",1,3,111413.095852,4136.637998,"ns/op",100000
"customstack.CustomStackBenchmark.testIndexOfWithFromIndex","avgt",1,3,11219.822301,228.410083,"ns/op",10000
"customstack.CustomStackBenchmark.testIndexOfWithFromIndex","avgt",1,3,22588.707836,4996.510443,"ns/op",20000
"customstack.CustomStackBenchmark.testIndexOfWithFromIndex","avgt",1,3,34399.993464,19449.706306,"ns/op",30000
"customstack.CustomStackBenchmark.testIndexOfWithFromIndex","avgt",1,3,47023.306394,16770.744664,"ns/op",40000
"customstack.CustomStackBenchmark.testIndexOfWithFromIndex","avgt",1,3,59243.485263,294.511912,"ns/op",50000
"customstack.CustomStackBenchmark.testIndexOfWithFromIndex","avgt",1,3,71221.722657,8409.168979,"ns/op",60000
"customstack.CustomStackBenchmark.testIndexOfWithFromIndex","avgt",1,3,82763.721996,490.971711,"ns/op",70000
"customstack.CustomStackBenchmark.testIndexOfWithFromIndex","avgt",1,3,94724.725717,2498.495268,"ns/op",80000
"customstack.CustomStackBenchmark.testIndexOfWithFromIndex","avgt",1,3,106449.183827,2028.561503,"ns/op",90000
"customstack.CustomStackBenchmark.testIndexOfWithFromIndex","avgt",1,3,118143.755850,4946.179071,"ns/op",100000
"customstack.CustomStackBenchmark.testIsEmpty","avgt",1,3,30.349985,4.420922,"ns/op",10000
"customstack.CustomStackBenchmark.testIsEmpty","avgt",1,3,33.231473,85.120783,"ns/op",20000
"customstack.CustomStackBenchmark.testIsEmpty","avgt",1,3,38.838597,153.329556,"ns/op",30000
"customstack.CustomStackBenchmark.testIsEmpty","avgt",1,3,45.745401,155.423966,"ns/op",40000
"customstack.CustomStackBenchmark.testIsEmpty","avgt",1,3,46.558602,95.873727,"ns/op",50000
"customstack.CustomStackBenchmark.testIsEmpty","avgt",1,3,44.720964,106.140687,"ns/op",60000
"customstack.CustomStackBenchmark.testIsEmpty","avgt",1,3,41.294822,142.095405,"ns/op",70000
"customstack.CustomStackBenchmark.testIsEmpty","avgt",1,3,45.615560,63.801299,"ns/op",80000
"customstack.CustomStackBenchmark.testIsEmpty","avgt",1,3,44.517857,25.040742,"ns/op",90000
"customstack.CustomStackBenchmark.testIsEmpty","avgt",1,3,45.765710,106.647002,"ns/op",100000
"customstack.CustomStackBenchmark.testIterator","avgt",1,3,6293.010700,1064.413931,"ns/op",10000
"customstack.CustomStackBenchmark.testIterator","avgt",1,3,11080.361697,210.623990,"ns/op",20000
"customstack.CustomStackBenchmark.testIterator","avgt",1,3,16002.984519,10679.991537,"ns/op",30000
"customstack.CustomStackBenchmark.testIterator","avgt",1,3,23257.474028,10975.239872,"ns/op",40000
"customstack.CustomStackBenchmark.testIterator","avgt",1,3,30216.589263,45019.578805,"ns/op",50000
"customstack.CustomStackBenchmark.testIterator","avgt",1,3,34689.761165,50069.217912,"ns/op",60000
"customstack.CustomStackBenchmark.testIterator","avgt",1,3,40287.698512,12191.752477,"ns/op",70000
"customstack.CustomStackBenchmark.testIterator","avgt",1,3,45565.217488,3692.075442,"ns/op",80000
"customstack.CustomStackBenchmark.testIterator","avgt",1,3,51253.831185,15632.892240,"ns/op",90000
"customstack.CustomStackBenchmark.testIterator","avgt",1,3,58852.577591,69059.170688,"ns/op",100000
"customstack.CustomStackBenchmark.testLastIndexOfWithFromIndex","avgt",1,3,10476.976899,231.189140,"ns/op",10000
"customstack.CustomStackBenchmark.testLastIndexOfWithFromIndex","avgt",1,3,20920.717605,863.366108,"ns/op",20000
"customstack.CustomStackBenchmark.testLastIndexOfWithFromIndex","avgt",1,3,32168.353421,19003.976863,"ns/op",30000
"customstack.CustomStackBenchmark.testLastIndexOfWithFromIndex","avgt",1,3,42215.975932,4449.848157,"ns/op",40000
"customstack.CustomStackBenchmark.testLastIndexOfWithFromIndex","avgt",1,3,52964.401602,921.015447,"ns/op",50000
"customstack.CustomStackBenchmark.testLastIndexOfWithFromIndex","avgt",1,3,63562.138846,2020.390929,"ns/op",60000
"customstack.CustomStackBenchmark.testLastIndexOfWithFromIndex","avgt",1,3,74606.662254,8530.905102,"ns/op",70000
"customstack.CustomStackBenchmark.testLastIndexOfWithFromIndex","avgt",1,3,84714.185151,4478.040491,"ns/op",80000
"customstack.CustomStackBenchmark.testLastIndexOfWithFromIndex","avgt",1,3,95286.789710,5295.215187,"ns/op",90000
"customstack.CustomStackBenchmark.testLastIndexOfWithFromIndex","avgt",1,3,105832.444304,788.933511,"ns/op",100000
"customstack.CustomStackBenchmark.testListIterator","avgt",1,3,6264.076245,96.506773,"ns/op",10000
"customstack.CustomStackBenchmark.testListIterator","avgt",1,3,11632.463174,1373.540613,"ns/op",20000
"customstack.CustomStackBenchmark.testListIterator","avgt",1,3,16872.402595,8045.626524,"ns/op",30000
"customstack.CustomStackBenchmark.testListIterator","avgt",1,3,30552.228134,184250.995712,"ns/op",40000
"customstack.CustomStackBenchmark.testListIterator","avgt",1,3,30917.362220,48599.339264,"ns/op",50000
"customstack.CustomStackBenchmark.testListIterator","avgt",1,3,34842.153447,2012.580446,"ns/op",60000
"customstack.CustomStackBenchmark.testListIterator","avgt",1,3,42163.541097,12847.722690,"ns/op",70000
"customstack.CustomStackBenchmark.testListIterator","avgt",1,3,48527.991742,18144.982938,"ns/op",80000
"customstack.CustomStackBenchmark.testListIterator","avgt",1,3,53489.719925,18352.333650,"ns/op",90000
"customstack.CustomStackBenchmark.testListIterator","avgt",1,3,62130.887554,83239.208361,"ns/op",100000
"customstack.CustomStackBenchmark.testListIteratorWithIndex","avgt",1,3,4360.672200,5663.680025,"ns/op",10000
"customstack.CustomStackBenchmark.testListIteratorWithIndex","avgt",1,3,7116.264388,976.238472,"ns/op",20000
"customstack.CustomStackBenchmark.testListIteratorWithIndex","avgt",1,3,10051.319016,8270.096402,"ns/op",30000
"customstack.CustomStackBenchmark.testListIteratorWithIndex","avgt",1,3,15440.388815,12700.004195,"ns/op",40000
"customstack.CustomStackBenchmark.testListIteratorWithIndex","avgt",1,3,19293.817776,46937.119520,"ns/op",50000
"customstack.CustomStackBenchmark.testListIteratorWithIndex","avgt",1,3,21254.671915,606.963044,"ns/op",60000
"customstack.CustomStackBenchmark.testListIteratorWithIndex","avgt",1,3,25982.389499,1768.067713,"ns/op",70000
"customstack.CustomStackBenchmark.testListIteratorWithIndex","avgt",1,3,29188.428382,1409.217261,"ns/op",80000
"customstack.CustomStackBenchmark.testListIteratorWithIndex","avgt",1,3,33529.763286,16878.933063,"ns/op",90000
"customstack.CustomStackBenchmark.testListIteratorWithIndex","avgt",1,3,37727.899804,2038.029006,"ns/op",100000
"customstack.CustomStackBenchmark.testPeek","avgt",1,3,33.201149,13.673360,"ns/op",10000
"customstack.CustomStackBenchmark.testPeek","avgt",1,3,35.810336,110.922367,"ns/op",20000
"customstack.CustomStackBenchmark.testPeek","avgt",1,3,42.179149,186.824163,"ns/op",30000
"customstack.CustomStackBenchmark.testPeek","avgt",1,3,49.721806,149.993866,"ns/op",40000
"customstack.CustomStackBenchmark.testPeek","avgt",1,3,64.819417,262.247918,"ns/op",50000
"customstack.CustomStackBenchmark.testPeek","avgt",1,3,45.678847,38.971535,"ns/op",60000
"customstack.CustomStackBenchmark.testPeek","avgt",1,3,53.003622,455.458081,"ns/op",70000
"customstack.CustomStackBenchmark.testPeek","avgt",1,3,49.717926,57.667112,"ns/op",80000
"customstack.CustomStackBenchmark.testPeek","avgt",1,3,51.530380,150.873902,"ns/op",90000
"customstack.CustomStackBenchmark.testPeek","avgt",1,3,49.098136,183.629969,"ns/op",100000
"customstack.CustomStackBenchmark.testPop","avgt",1,3,32.692172,77.499198,"ns/op",10000
"customstack.CustomStackBenchmark.testPop","avgt",1,3,35.836557,76.687661,"ns/op",20000
"customstack.CustomStackBenchmark.testPop","avgt",1,3,45.370769,249.931960,"ns/op",30000
"customstack.CustomStackBenchmark.testPop","avgt",1,3,51.742879,142.275778,"ns/op",40000
"customstack.CustomStackBenchmark.testPop","avgt",1,3,70.829858,662.882053,"ns/op",50000
"customstack.CustomStackBenchmark.testPop","avgt",1,3,51.271568,16.892532,"ns/op",60000
"customstack.CustomStackBenchmark.testPop","avgt",1,3,49.050735,126.893301,"ns/op",70000
"customstack.CustomStackBenchmark.testPop","avgt",1,3,50.037817,56.023289,"ns/op",80000
"customstack.CustomStackBenchmark.testPop","avgt",1,3,81.067802,506.235407,"ns/op",90000
"customstack.CustomStackBenchmark.testPop","avgt",1,3,60.495661,186.787290,"ns/op",100000
"customstack.CustomStackBenchmark.testPush","avgt",1,3,25766.533422,1352.847069,"ns/op",10000
"customstack.CustomStackBenchmark.testPush","avgt",1,3,49895.718996,5047.167639,"ns/op",20000
"customstack.CustomStackBenchmark.testPush","avgt",1,3,72097.430406,79445.630991,"ns/op",30000
"customstack.CustomStackBenchmark.testPush","avgt",1,3,92515.372806,39321.447310,"ns/op",40000
"customstack.CustomStackBenchmark.testPush","avgt",1,3,111110.183570,12568.961149,"ns/op",50000
"customstack.CustomStackBenchmark.testPush","avgt",1,3,129303.896627,9290.515871,"ns/op",60000
"customstack.CustomStackBenchmark.testPush","avgt",1,3,167459.426179,261507.529798,"ns/op",70000
"customstack.CustomStackBenchmark.testPush","avgt",1,3,179245.144739,57421.228941,"ns/op",80000
"customstack.CustomStackBenchmark.testPush","avgt",1,3,198537.184875,22988.335305,"ns/op",90000
"customstack.CustomStackBenchmark.testPush","avgt",1,3,217894.467873,51174.878919,"ns/op",100000
"customstack.CustomStackBenchmark.testRemoveAll","avgt",1,3,57429.856620,23681.629922,"ns/op",10000
"customstack.CustomStackBenchmark.testRemoveAll","avgt",1,3,113394.144953,2513.459702,"ns/op",20000
"customstack.CustomStackBenchmark.testRemoveAll","avgt",1,3,169558.961311,16544.053275,"ns/op",30000
"customstack.CustomStackBenchmark.testRemoveAll","avgt",1,3,223119.241801,3724.434300,"ns/op",40000
"customstack.CustomStackBenchmark.testRemoveAll","avgt",1,3,290607.131332,257577.436768,"ns/op",50000
"customstack.CustomStackBenchmark.testRemoveAll","avgt",1,3,335967.092649,27412.304496,"ns/op",60000
"customstack.CustomStackBenchmark.testRemoveAll","avgt",1,3,391251.135556,15747.106714,"ns/op",70000
"customstack.CustomStackBenchmark.testRemoveAll","avgt",1,3,452304.900023,140024.506571,"ns/op",80000
"customstack.CustomStackBenchmark.testRemoveAll","avgt",1,3,503010.483706,7772.197264,"ns/op",90000
"customstack.CustomStackBenchmark.testRemoveAll","avgt",1,3,559389.570171,42304.983986,"ns/op",100000
"customstack.CustomStackBenchmark.testRemoveIndex","avgt",1,3,523.770512,168.856266,"ns/op",10000
"customstack.CustomStackBenchmark.testRemoveIndex","avgt",1,3,932.966074,103.066654,"ns/op",20000
"customstack.CustomStackBenchmark.testRemoveIndex","avgt",1,3,1378.525570,231.612266,"ns/op",30000
"customstack.CustomStackBenchmark.testRemoveIndex","avgt",1,3,1862.176719,95.104195,"ns/op",40000
"customstack.CustomStackBenchmark.testRemoveIndex","avgt",1,3,2330.173338,129.884704,"ns/op",50000
"customstack.CustomStackBenchmark.testRemoveIndex","avgt",1,3,2873.486064,1957.683788,"ns/op",60000
"customstack.CustomStackBenchmark.testRemoveIndex","avgt",1,3,3294.827294,214.654123,"ns/op",70000
"customstack.CustomStackBenchmark.testRemoveIndex","avgt",1,3,3746.710627,252.735483,"ns/op",80000
"customstack.CustomStackBenchmark.testRemoveIndex","avgt",1,3,4233.454376,203.416072,"ns/op",90000
"customstack.CustomStackBenchmark.testRemoveIndex","avgt",1,3,4718.361678,2110.289290,"ns/op",100000
"customstack.CustomStackBenchmark.testRemoveObject","avgt",1,3,12241.074199,159.272084,"ns/op",10000
"customstack.CustomStackBenchmark.testRemoveObject","avgt",1,3,24456.832737,822.559034,"ns/op",20000
"customstack.CustomStackBenchmark.testRemoveObject","avgt",1,3,36632.281977,7213.774721,"ns/op",30000
"customstack.CustomStackBenchmark.testRemoveObject","avgt",1,3,48779.037289,2525.339237,"ns/op",40000
"customstack.CustomStackBenchmark.testRemoveObject","avgt",1,3,60865.068747,2383.400601,"ns/op",50000
"customstack.CustomStackBenchmark.testRemoveObject","avgt",1,3,72933.641757,762.092785,"ns/op",60000
"customstack.CustomStackBenchmark.testRemoveObject","avgt",1,3,87172.724539,52193.647054,"ns/op",70000
"customstack.CustomStackBenchmark.testRemoveObject","avgt",1,3,97798.213550,2434.640561,"ns/op",80000
"customstack.CustomStackBenchmark.testRemoveObject","avgt",1,3,109679.164327,1842.115796,"ns/op",90000
"customstack.CustomStackBenchmark.testRemoveObject","avgt",1,3,121577.183330,1799.511639,"ns/op",100000
"customstack.CustomStackBenchmark.testRetainAll","avgt",1,3,56621.237896,66942.906784,"ns/op",10000
"customstack.CustomStackBenchmark.testRetainAll","avgt",1,3,107663.514043,3035.999992,"ns/op",20000
"customstack.CustomStackBenchmark.testRetainAll","avgt",1,3,164715.095854,12844.223965,"ns/op",30000
"customstack.CustomStackBenchmark.testRetainAll","avgt",1,3,217006.174568,4297.129829,"ns/op",40000
"customstack.CustomStackBenchmark.testRetainAll","avgt",1,3,270235.583929,8572.675709,"ns/op",50000
"customstack.CustomStackBenchmark.testRetainAll","avgt",1,3,325346.298818,23126.273243,"ns/op",60000
"customstack.CustomStackBenchmark.testRetainAll","avgt",1,3,376438.543247,52682.021118,"ns/op",70000
"customstack.CustomStackBenchmark.testRetainAll","avgt",1,3,432821.928681,132091.754561,"ns/op",80000
"customstack.CustomStackBenchmark.testRetainAll","avgt",1,3,482057.017340,11327.392165,"ns/op",90000
"customstack.CustomStackBenchmark.testRetainAll","avgt",1,3,537401.197870,21393.954493,"ns/op",100000
"customstack.CustomStackBenchmark.testSearch","avgt",1,3,2135.476498,39.955830,"ns/op",10000
"customstack.CustomStackBenchmark.testSearch","avgt",1,3,4588.623300,81.693392,"ns/op",20000
"customstack.CustomStackBenchmark.testSearch","avgt",1,3,6879.396323,206.297945,"ns/op",30000
"customstack.CustomStackBenchmark.testSearch","avgt",1,3,8931.775151,383.739219,"ns/op",40000
"customstack.CustomStackBenchmark.testSearch","avgt",1,3,11088.294391,269.564573,"ns/op",50000
"customstack.CustomStackBenchmark.testSearch","avgt",1,3,13354.880653,6190.509010,"ns/op",60000
"customstack.CustomStackBenchmark.testSearch","avgt",1,3,14982.847476,770.205097,"ns/op",70000
"customstack.CustomStackBenchmark.testSearch","avgt",1,3,17292.996733,1043.681125,"ns/op",80000
"customstack.CustomStackBenchmark.testSearch","avgt",1,3,19336.887021,930.773856,"ns/op",90000
"customstack.CustomStackBenchmark.testSearch","avgt",1,3,21961.446079,8260.438960,"ns/op",100000
"customstack.CustomStackBenchmark.testSet","avgt",1,3,39.128252,13.028471,"ns/op",10000
"customstack.CustomStackBenchmark.testSet","avgt",1,3,43.873914,76.607486,"ns/op",20000
"customstack.CustomStackBenchmark.testSet","avgt",1,3,55.633366,430.097898,"ns/op",30000
"customstack.CustomStackBenchmark.testSet","avgt",1,3,71.045592,205.332250,"ns/op",40000
"customstack.CustomStackBenchmark.testSet","avgt",1,3,69.812197,269.296437,"ns/op",50000
"customstack.CustomStackBenchmark.testSet","avgt",1,3,61.127036,35.495670,"ns/op",60000
"customstack.CustomStackBenchmark.testSet","avgt",1,3,62.728038,131.995355,"ns/op",70000
"customstack.CustomStackBenchmark.testSet","avgt",1,3,80.653283,536.242540,"ns/op",80000
"customstack.CustomStackBenchmark.testSet","avgt",1,3,65.265909,122.167558,"ns/op",90000
"customstack.CustomStackBenchmark.testSet","avgt",1,3,65.957534,182.800455,"ns/op",100000
"customstack.CustomStackBenchmark.testSize","avgt",1,3,33.605302,4.408994,"ns/op",10000
"customstack.CustomStackBenchmark.testSize","avgt",1,3,36.279608,170.403053,"ns/op",20000
"customstack.CustomStackBenchmark.testSize","avgt",1,3,39.896649,126.575282,"ns/op",30000
"customstack.CustomStackBenchmark.testSize","avgt",1,3,46.287271,123.109312,"ns/op",40000
"customstack.CustomStackBenchmark.testSize","avgt",1,3,43.782011,95.835992,"ns/op",50000
"customstack.CustomStackBenchmark.testSize","avgt",1,3,49.227571,281.271791,"ns/op",60000
"customstack.CustomStackBenchmark.testSize","avgt",1,3,38.431122,68.481903,"ns/op",70000
"customstack.CustomStackBenchmark.testSize","avgt",1,3,40.221584,114.330308,"ns/op",80000
"customstack.CustomStackBenchmark.testSize","avgt",1,3,40.367140,16.658205,"ns/op",90000
"customstack.CustomStackBenchmark.testSize","avgt",1,3,53.134401,373.600485,"ns/op",100000
"customstack.CustomStackBenchmark.testSort","avgt",1,3,12906.956544,171.168225,"ns/op",10000
"customstack.CustomStackBenchmark.testSort","avgt",1,3,25103.158041,1745.963189,"ns/op",20000
"customstack.CustomStackBenchmark.testSort","avgt",1,3,37337.235433,2602.672737,"ns/op",30000
"customstack.CustomStackBenchmark.testSort","avgt",1,3,50514.276615,1272.455030,"ns/op",40000
"customstack.CustomStackBenchmark.testSort","avgt",1,3,62659.048505,1397.235830,"ns/op",50000
"customstack.CustomStackBenchmark.testSort","avgt",1,3,74878.389453,1375.274269,"ns/op",60000
"customstack.CustomStackBenchmark.testSort","avgt",1,3,90367.656316,4290.902035,"ns/op",70000
"customstack.CustomStackBenchmark.testSort","avgt",1,3,102428.078465,7327.952530,"ns/op",80000
"customstack.CustomStackBenchmark.testSort","avgt",1,3,113174.575156,2539.886257,"ns/op",90000
"customstack.CustomStackBenchmark.testSort","avgt",1,3,125436.623266,1531.114621,"ns/op",100000
"customstack.CustomStackBenchmark.testSpliterator","avgt",1,3,32.524322,50.868088,"ns/op",10000
"customstack.CustomStackBenchmark.testSpliterator","avgt",1,3,33.367763,66.755594,"ns/op",20000
"customstack.CustomStackBenchmark.testSpliterator","avgt",1,3,53.632145,686.977700,"ns/op",30000
"customstack.CustomStackBenchmark.testSpliterator","avgt",1,3,74.338276,611.735404,"ns/op",40000
"customstack.CustomStackBenchmark.testSpliterator","avgt",1,3,101.859359,664.460515,"ns/op",50000
"customstack.CustomStackBenchmark.testSpliterator","avgt",1,3,81.442021,43.622914,"ns/op",60000
"customstack.CustomStackBenchmark.testSpliterator","avgt",1,3,73.876385,83.477661,"ns/op",70000
"customstack.CustomStackBenchmark.testSpliterator","avgt",1,3,85.777838,166.745791,"ns/op",80000
"customstack.CustomStackBenchmark.testSpliterator","avgt",1,3,111.878297,371.203419,"ns/op",90000
"customstack.CustomStackBenchmark.testSpliterator","avgt",1,3,84.878497,153.753454,"ns/op",100000
"customstack.CustomStackBenchmark.testSubList","avgt",1,3,35.297416,11.288899,"ns/op",10000
"customstack.CustomStackBenchmark.testSubList","avgt",1,3,35.520419,90.450159,"ns/op",20000
"customstack.CustomStackBenchmark.testSubList","avgt",1,3,54.709463,328.244395,"ns/op",30000
"customstack.CustomStackBenchmark.testSubList","avgt",1,3,56.610854,201.972230,"ns/op",40000
"customstack.CustomStackBenchmark.testSubList","avgt",1,3,72.160114,260.247226,"ns/op",50000
"customstack.CustomStackBenchmark.testSubList","avgt",1,3,62.224542,75.404001,"ns/op",60000
"customstack.CustomStackBenchmark.testSubList","avgt",1,3,58.133462,127.633819,"ns/op",70000
"customstack.CustomStackBenchmark.testSubList","avgt",1,3,66.965947,114.068647,"ns/op",80000
"customstack.CustomStackBenchmark.testSubList","avgt",1,3,73.674750,191.977195,"ns/op",90000
"customstack.CustomStackBenchmark.testSubList","avgt",1,3,67.874135,185.600268,"ns/op",100000
"customstack.CustomStackBenchmark.testToArray","avgt",1,3,1668.512118,7326.787123,"ns/op",10000
"customstack.CustomStackBenchmark.testToArray","avgt",1,3,2445.254648,322.707023,"ns/op",20000
"customstack.CustomStackBenchmark.testToArray","avgt",1,3,3980.985502,27666.215026,"ns/op",30000
"customstack.CustomStackBenchmark.testToArray","avgt",1,3,6413.775554,13586.393439,"ns/op",40000
"customstack.CustomStackBenchmark.testToArray","avgt",1,3,8236.516591,42526.768309,"ns/op",50000
"customstack.CustomStackBenchmark.testToArray","avgt",1,3,7974.488244,1036.403051,"ns/op",60000
"customstack.CustomStackBenchmark.testToArray","avgt",1,3,10445.199366,299.453976,"ns/op",70000
"customstack.CustomStackBenchmark.testToArray","avgt",1,3,11563.653406,961.389053,"ns/op",80000
"customstack.CustomStackBenchmark.testToArray","avgt",1,3,12854.286019,446.597294,"ns/op",90000
"customstack.CustomStackBenchmark.testToArray","avgt",1,3,18335.244355,85440.552092,"ns/op",100000
"customstack.CustomStackBenchmark.testToArrayWithType","avgt",1,3,5712.170319,7328.560140,"ns/op",10000
"customstack.CustomStackBenchmark.testToArrayWithType","avgt",1,3,10775.704414,10269.848990,"ns/op",20000
"customstack.CustomStackBenchmark.testToArrayWithType","avgt",1,3,16481.664313,19214.403053,"ns/op",30000
"customstack.CustomStackBenchmark.testToArrayWithType","avgt",1,3,23746.722332,30306.064506,"ns/op",40000
"customstack.CustomStackBenchmark.testToArrayWithType","avgt",1,3,28277.513324,45527.116510,"ns/op",50000
"customstack.CustomStackBenchmark.testToArrayWithType","avgt",1,3,36711.882061,58579.011424,"ns/op",60000
"customstack.CustomStackBenchmark.testToArrayWithType","avgt",1,3,39403.293317,10944.206308,"ns/op",70000
"customstack.CustomStackBenchmark.testToArrayWithType","avgt",1,3,43661.289209,2899.680519,"ns/op",80000
"customstack.CustomStackBenchmark.testToArrayWithType","avgt",1,3,49205.614837,3820.964058,"ns/op",90000
"customstack.CustomStackBenchmark.testToArrayWithType","avgt",1,3,57844.634654,73719.432991,"ns/op",100000
"customstack.CustomStackBenchmark.testToString","avgt",1,3,180471.641795,34209.227275,"ns/op",10000
"customstack.CustomStackBenchmark.testToString","avgt",1,3,371655.324141,6765.697260,"ns/op",20000
"customstack.CustomStackBenchmark.testToString","avgt",1,3,555240.330195,16848.432342,"ns/op",30000
"customstack.CustomStackBenchmark.testToString","avgt",1,3,729908.311614,113599.495313,"ns/op",40000
"customstack.CustomStackBenchmark.testToString","avgt",1,3,954389.404768,827046.547026,"ns/op",50000
"customstack.CustomStackBenchmark.testToString","avgt",1,3,1067500.131970,346721.668810,"ns/op",60000
"customstack.CustomStackBenchmark.testToString","avgt",1,3,1226007.617495,1030495.033667,"ns/op",70000
"customstack.CustomStackBenchmark.testToString","avgt",1,3,1422242.451514,327942.760118,"ns/op",80000
"customstack.CustomStackBenchmark.testToString","avgt",1,3,1629012.127425,1471581.409397,"ns/op",90000
"customstack.CustomStackBenchmark.testToString","avgt",1,3,1893753.815939,82292.084831,"ns/op",100000
"customstack.CustomStackBenchmark.testTrimToSize","avgt",1,3,1665.804057,6964.161910,"ns/op",10000
"customstack.CustomStackBenchmark.testTrimToSize","avgt",1,3,2504.487074,1768.636164,"ns/op",20000
"customstack.CustomStackBenchmark.testTrimToSize","avgt",1,3,3497.121589,11877.427287,"ns/op",30000
"customstack.CustomStackBenchmark.testTrimToSize","avgt",1,3,6435.021405,13269.033582,"ns/op",40000
"customstack.CustomStackBenchmark.testTrimToSize","avgt",1,3,8205.197296,43231.897968,"ns/op",50000
"customstack.CustomStackBenchmark.testTrimToSize","avgt",1,3,9738.956243,53653.436448,"ns/op",60000
"customstack.CustomStackBenchmark.testTrimToSize","avgt",1,3,11390.978831,8719.875740,"ns/op",70000
"customstack.CustomStackBenchmark.testTrimToSize","avgt",1,3,13351.751275,13466.463797,"ns/op",80000
"customstack.CustomStackBenchmark.testTrimToSize","avgt",1,3,13161.457209,16605.235031,"ns/op",90000
"customstack.CustomStackBenchmark.testTrimToSize","avgt",1,3,18236.292995,86276.773393,"ns/op",100000
"customstack.StackBenchmark.testAddAll","avgt",1,3,3488.457862,2613.260096,"ns/op",10000
"customstack.StackBenchmark.testAddAll","avgt",1,3,5585.740643,14427.621302,"ns/op",20000
"customstack.StackBenchmark.testAddAll","avgt",1,3,10041.836840,43451.840163,"ns/op",30000
"customstack.StackBenchmark.testAddAll","avgt",1,3,11973.626830,21704.495956,"ns/op",40000
"customstack.StackBenchmark.testAddAll","avgt",1,3,13944.207867,3547.600301,"ns/op",50000
"customstack.StackBenchmark.testAddAll","avgt",1,3,18892.252236,88557.836988,"ns/op",60000
"customstack.StackBenchmark.testAddAll","avgt",1,3,23056.195393,51450.037998,"ns/op",70000
"customstack.StackBenchmark.testAddAll","avgt",1,3,26326.873433,74482.814237,"ns/op",80000
"customstack.StackBenchmark.testAddAll","avgt",1,3,28085.669359,1234.047612,"ns/op",90000
"customstack.StackBenchmark.testAddAll","avgt",1,3,31667.498866,21840.721943,"ns/op",100000
"customstack.StackBenchmark.testAddAllAtIndex","avgt",1,3,2287.099052,73.793791,"ns/op",10000
"customstack.StackBenchmark.testAddAllAtIndex","avgt",1,3,4871.353084,635.204243,"ns/op",20000
"customstack.StackBenchmark.testAddAllAtIndex","avgt",1,3,1846.135463,1043.604756,"ns/op",30000
"customstack.StackBenchmark.testAddAllAtIndex","avgt",1,3,11006.211490,22059.383784,"ns/op",40000
"customstack.StackBenchmark.testAddAllAtIndex","avgt",1,3,3036.318511,170.785384,"ns/op",50000
"customstack.StackBenchmark.testAddAllAtIndex","avgt",1,3,3582.436104,162.713882,"ns/op",60000
"customstack.StackBenchmark.testAddAllAtIndex","avgt",1,3,4163.050601,255.271601,"ns/op",70000
"customstack.StackBenchmark.testAddAllAtIndex","avgt",1,3,20024.933288,61559.492931,"ns/op",80000
"customstack.StackBenchmark.testAddAllAtIndex","avgt",1,3,5407.596107,1757.937777,"ns/op",90000
"customstack.StackBenchmark.testAddAllAtIndex","avgt",1,3,5893.731817,278.357239,"ns/op",100000
"customstack.StackBenchmark.testAddAtIndex","avgt",1,3,414.112596,13.875622,"ns/op",10000
"customstack.StackBenchmark.testAddAtIndex","avgt",1,3,875.516223,281.816075,"ns/op",20000
"customstack.StackBenchmark.testAddAtIndex","avgt",1,3,1380.775532,167.822809,"ns/op",30000
"customstack.StackBenchmark.testAddAtIndex","avgt",1,3,1836.149918,823.026708,"ns/op",40000
"customstack.StackBenchmark.testAddAtIndex","avgt",1,3,2332.895987,335.133013,"ns/op",50000
"customstack.StackBenchmark.testAddAtIndex","avgt",1,3,2792.924110,126.342882,"ns/op",60000
"customstack.StackBenchmark.testAddAtIndex","avgt",1,3,3228.284982,810.473070,"ns/op",70000
"customstack.StackBenchmark.testAddAtIndex","avgt",1,3,3824.289887,1971.355838,"ns/op",80000
"customstack.StackBenchmark.testAddAtIndex","avgt",1,3,4286.357204,413.637969,"ns/op",90000
"customstack.StackBenchmark.testAddAtIndex","avgt",1,3,4639.398479,1859.198191,"ns/op",100000
"customstack.StackBenchmark.testAddElement","avgt",1,3,25451.121023,14948.360057,"ns/op",10000
"customstack.StackBenchmark.testAddElement","avgt",1,3,50214.338146,94716.988599,"ns/op",20000
"customstack.StackBenchmark.testAddElement","avgt",1,3,71829.658476,10290.804776,"ns/op",30000
"customstack.StackBenchmark.testAddElement","avgt",1,3,92319.996595,8148.679703,"ns/op",40000
"customstack.StackBenchmark.testAddElement","avgt",1,3,120880.319061,10329.551831,"ns/op",50000
"customstack.StackBenchmark.testAddElement","avgt",1,3,144501.231884,165390.994515,"ns/op",60000
"customstack.StackBenchmark.testAddElement","avgt",1,3,163057.761597,33010.339837,"ns/op",70000
"customstack.StackBenchmark.testAddElement","avgt",1,3,183422.014103,7426.499120,"ns/op",80000
"customstack.StackBenchmark.testAddElement","avgt",1,3,217363.628078,25941.206063,"ns/op",90000
"customstack.StackBenchmark.testAddElement","avgt",1,3,248449.990174,139805.690394,"ns/op",100000
"customstack.StackBenchmark.testCapacity","avgt",1,3,33.506932,20.928213,"ns/op",10000
"customstack.StackBenchmark.testCapacity","avgt",1,3,34.495334,62.617248,"ns/op",20000
"customstack.StackBenchmark.testCapacity","avgt",1,3,41.122474,277.946142,"ns/op",30000
"customstack.StackBenchmark.testCapacity","avgt",1,3,55.143052,231.150040,"ns/op",40000
"customstack.StackBenchmark.testCapacity","avgt",1,3,46.013144,83.191609,"ns/op",50000
"customstack.StackBenchmark.testCapacity","avgt",1,3,47.114727,42.823013,"ns/op",60000
"customstack.StackBenchmark.testCapacity","avgt",1,3,40.987742,107.172935,"ns/op",70000
"customstack.StackBenchmark.testCapacity","avgt",1,3,50.972328,300.868298,"ns/op",80000
"customstack.StackBenchmark.testCapacity","avgt",1,3,48.358030,71.700781,"ns/op",90000
"customstack.StackBenchmark.testCapacity","avgt",1,3,52.409292,256.636867,"ns/op",100000
"customstack.StackBenchmark.testClear","avgt",1,3,2479.641590,76.996174,"ns/op",10000
"customstack.StackBenchmark.testClear","avgt",1,3,4957.126086,2792.587350,"ns/op",20000
"customstack.StackBenchmark.testClear","avgt",1,3,7647.037746,1154.048046,"ns/op",30000
"customstack.StackBenchmark.testClear","avgt",1,3,10215.213841,2755.399087,"ns/op",40000
"customstack.StackBenchmark.testClear","avgt",1,3,12010.313392,38.851938,"ns/op",50000
"customstack.StackBenchmark.testClear","avgt",1,3,14485.837787,1842.843170,"ns/op",60000
"customstack.StackBenchmark.testClear","avgt",1,3,16905.900558,808.938257,"ns/op",70000
"customstack.StackBenchmark.testClear","avgt",1,3,19105.052981,1195.403995,"ns/op",80000
"customstack.StackBenchmark.testClear","avgt",1,3,21964.423607,732.094105,"ns/op",90000
"customstack.StackBenchmark.testClear","avgt",1,3,24505.086362,10251.263820,"ns/op",100000
"customstack.StackBenchmark.testClone","avgt",1,3,1144.366006,796.146630,"ns/op",10000
"customstack.StackBenchmark.testClone","avgt",1,3,2191.130766,583.145882,"ns/op",20000
"customstack.StackBenchmark.testClone","avgt",1,3,4149.297471,11838.235199,"ns/op",30000
"customstack.StackBenchmark.testClone","avgt",1,3,5107.262328,13348.681750,"ns/op",40000
"customstack.StackBenchmark.testClone","avgt",1,3,7744.011286,6497.367927,"ns/op",50000
"customstack.StackBenchmark.testClone","avgt",1,3,9042.453668,7840.127108,"ns/op",60000
"customstack.StackBenchmark.testClone","avgt",1,3,11231.476154,9285.845677,"ns/op",70000
"customstack.StackBenchmark.testClone","avgt",1,3,13597.190380,91158.618994,"ns/op",80000
"customstack.StackBenchmark.testClone","avgt",1,3,14163.499920,16750.461673,"ns/op",90000
"customstack.StackBenchmark.testClone","avgt",1,3,15861.646694,20012.722982,"ns/op",100000
"customstack.StackBenchmark.testConstructorDefault","avgt",1,3,35.298845,11.649842,"ns/op",10000
"customstack.StackBenchmark.testConstructorDefault","avgt",1,3,42.341146,263.596098,"ns/op",20000
"customstack.StackBenchmark.testConstructorDefault","avgt",1,3,50.547873,363.711361,"ns/op",30000
"customstack.StackBenchmark.testConstructorDefault","avgt",1,3,60.863935,261.024977,"ns/op",40000
"customstack.StackBenchmark.testConstructorDefault","avgt",1,3,64.216531,301.851241,"ns/op",50000
"customstack.StackBenchmark.testConstructorDefault","avgt",1,3,66.894764,286.882499,"ns/op",60000
"customstack.StackBenchmark.testConstructorDefault","avgt",1,3,55.653335,64.685669,"ns/op",70000
"customstack.StackBenchmark.testConstructorDefault","avgt",1,3,50.032362,65.593357,"ns/op",80000
"customstack.StackBenchmark.testConstructorDefault","avgt",1,3,52.359852,171.909501,"ns/op",90000
"customstack.StackBenchmark.testConstructorDefault","avgt",1,3,66.153394,475.741462,"ns/op",100000
"customstack.StackBenchmark.testContains","avgt",1,3,2704.768120,48.978718,"ns/op",10000
"customstack.StackBenchmark.testContains","avgt",1,3,5296.602219,113.488922,"ns/op",20000
"customstack.StackBenchmark.testContains","avgt",1,3,7471.095742,7364.097234,"ns/op",30000
"customstack.StackBenchmark.testContains","avgt",1,3,9411.234609,10020.962619,"ns/op",40000
"customstack.StackBenchmark.testContains","avgt",1,3,11369.120801,4345.494273,"ns/op",50000
"customstack.StackBenchmark.testContains","avgt",1,3,14033.342531,7792.388936,"ns/op",60000
"customstack.StackBenchmark.testContains","avgt",1,3,15784.619085,879.385357,"ns/op",70000
"customstack.StackBenchmark.testContains","avgt",1,3,17492.202320,1652.025739,"ns/op",80000
"customstack.StackBenchmark.testContains","avgt",1,3,20431.426940,5843.840344,"ns/op",90000
"customstack.StackBenchmark.testContains","avgt",1,3,21823.315588,1502.109496,"ns/op",100000
"customstack.StackBenchmark.testContainsAll","avgt",1,3,234468.194082,24771.162762,"ns/op",10000
"customstack.StackBenchmark.testContainsAll","avgt",1,3,925820.674423,4191.816008,"ns/op",20000
"customstack.StackBenchmark.testContainsAll","avgt",1,3,2124631.357867,1829724.780491,"ns/op",30000
"customstack.StackBenchmark.testContainsAll","avgt",1,3,3659193.222887,41314.538568,"ns/op",40000
"customstack.StackBenchmark.testContainsAll","avgt",1,3,5712720.115094,61021.108656,"ns/op",50000
"customstack.StackBenchmark.testContainsAll","avgt",1,3,8284385.902400,233533.528285,"ns/op",60000
"customstack.StackBenchmark.testContainsAll","avgt",1,3,12015108.156754,11570851.984351,"ns/op",70000
"customstack.StackBenchmark.testContainsAll","avgt",1,3,15767793.505376,428334.688361,"ns/op",80000
"customstack.StackBenchmark.testContainsAll","avgt",1,3,20243807.896667,3789448.007716,"ns/op",90000
"customstack.StackBenchmark.testContainsAll","avgt",1,3,24941855.633333,651853.983930,"ns/op",100000
"customstack.StackBenchmark.testEmpty","avgt",1,3,33.232082,23.339096,"ns/op",10000
"customstack.StackBenchmark.testEmpty","avgt",1,3,35.041197,73.909055,"ns/op",20000
"customstack.StackBenchmark.testEmpty","avgt",1,3,42.678518,181.738833,"ns/op",30000
"customstack.StackBenchmark.testEmpty","avgt",1,3,48.992446,316.467084,"ns/op",40000
"customstack.StackBenchmark.testEmpty","avgt",1,3,56.234061,363.409505,"ns/op",50000
"customstack.StackBenchmark.testEmpty","avgt",1,3,57.164730,308.062626,"ns/op",60000
"customstack.StackBenchmark.testEmpty","avgt",1,3,44.417719,47.891733,"ns/op",70000
"customstack.StackBenchmark.testEmpty","avgt",1,3,48.424063,32.531588,"ns/op",80000
"customstack.StackBenchmark.testEmpty","avgt",1,3,60.987185,418.241845,"ns/op",90000
"customstack.StackBenchmark.testEmpty","avgt",1,3,50.909030,148.176601,"ns/op",100000
"customstack.StackBenchmark.testEnsureCapacity","avgt",1,3,1525.444402,1062.756511,"ns/op",10000
"customstack.StackBenchmark.testEnsureCapacity","avgt",1,3,3568.579195,512.871998,"ns/op",20000
"customstack.StackBenchmark.testEnsureCapacity","avgt",1,3,7244.905981,1129.423012,"ns/op",30000
"customstack.StackBenchmark.testEnsureCapacity","avgt",1,3,8712.871157,16627.358066,"ns/op",40000
"customstack.StackBenchmark.testEnsureCapacity","avgt",1,3,14273.476440,6096.752787,"ns/op",50000
"customstack.StackBenchmark.testEnsureCapacity","avgt",1,3,16455.269641,50208.617853,"ns/op",60000
"customstack.StackBenchmark.testEnsureCapacity","avgt",1,3,14182.237984,12109.830890,"ns/op",70000
"customstack.StackBenchmark.testEnsureCapacity","avgt",1,3,13927.790308,14060.607176,"ns/op",80000
"customstack.StackBenchmark.testEnsureCapacity","avgt",1,3,35353.487567,4917.881779,"ns/op",90000
"customstack.StackBenchmark.testEnsureCapacity","avgt",1,3,42216.954487,41135.263862,"ns/op",100000
"customstack.StackBenchmark.testEquals","avgt",1,3,35198.678650,819983.679964,"ns/op",10000
"customstack.StackBenchmark.testEquals","avgt",1,3,311691.768260,7055.243658,"ns/op",20000
"customstack.StackBenchmark.testEquals","avgt",1,3,468227.996403,24450.537984,"ns/op",30000
"customstack.StackBenchmark.testEquals","avgt",1,3,624010.816402,10514.960526,"ns/op",40000
"customstack.StackBenchmark.testEquals","avgt",1,3,776796.892959,14550.290105,"ns/op",50000
"customstack.StackBenchmark.testEquals","avgt",1,3,932871.424098,20922.726279,"ns/op",60000
"customstack.StackBenchmark.testEquals","avgt",1,3,1088131.367071,16925.272894,"ns/op",70000
"customstack.StackBenchmark.testEquals","avgt",1,3,1244894.869049,45192.862739,"ns/op",80000
"customstack.StackBenchmark.testEquals","avgt",1,3,1399200.780300,23923.368083,"ns/op",90000
"customstack.StackBenchmark.testEquals","avgt",1,3,1564876.244658,290847.947263,"ns/op",100000
"customstack.StackBenchmark.testGet","avgt",1,3,36.617910,14.686842,"ns/op",10000
"customstack.StackBenchmark.testGet","avgt",1,3,42.237498,67.950202,"ns/op",20000
"customstack.StackBenchmark.testGet","avgt",1,3,53.212626,225.870913,"ns/op",30000
"customstack.StackBenchmark.testGet","avgt",1,3,60.376165,112.273076,"ns/op",40000
"customstack.StackBenchmark.testGet","avgt",1,3,62.456313,192.644388,"ns/op",50000
"customstack.StackBenchmark.testGet","avgt",1,3,57.595272,5.926583,"ns/op",60000
"customstack.StackBenchmark.testGet","avgt",1,3,55.513636,60.192379,"ns/op",70000
"customstack.StackBenchmark.testGet","avgt",1,3,72.520569,364.528729,"ns/op",80000
"customstack.StackBenchmark.testGet","avgt",1,3,63.044099,134.006378,"ns/op",90000
"customstack.StackBenchmark.testGet","avgt",1,3,60.269954,169.307709,"ns/op",100000
"customstack.StackBenchmark.testHashCode","avgt",1,3,28175.190101,601618.395225,"ns/op",10000
"customstack.StackBenchmark.testHashCode","avgt",1,3,299049.667067,187545.278791,"ns/op",20000
"customstack.StackBenchmark.testHashCode","avgt",1,3,440970.130314,25293.792653,"ns/op",30000
"customstack.StackBenchmark.testHashCode","avgt",1,3,587307.621563,52398.143579,"ns/op",40000
"customstack.StackBenchmark.testHashCode","avgt",1,3,730885.266399,27912.108431,"ns/op",50000
"customstack.StackBenchmark.testHashCode","avgt",1,3,880934.196087,95679.572721,"ns/op",60000
"customstack.StackBenchmark.testHashCode","avgt",1,3,1023236.878157,35385.166735,"ns/op",70000
"customstack.StackBenchmark.testHashCode","avgt",1,3,1169716.888488,7844.204247,"ns/op",80000
"customstack.StackBenchmark.testHashCode","avgt",1,3,1316945.667153,32480.611356,"ns/op",90000
"customstack.StackBenchmark.testHashCode","avgt",1,3,1469829.414439,99842.896330,"ns/op",100000
"customstack.StackBenchmark.testIndexOf","avgt",1,3,2703.949719,91.275920,"ns/op",10000
"customstack.StackBenchmark.testIndexOf","avgt",1,3,5292.846038,89.938090,"ns/op",20000
"customstack.StackBenchmark.testIndexOf","avgt",1,3,7527.460355,5301.938975,"ns/op",30000
"customstack.StackBenchmark.testIndexOf","avgt",1,3,9588.616804,16164.418097,"ns/op",40000
"customstack.StackBenchmark.testIndexOf","avgt",1,3,11503.523549,1146.918646,"ns/op",50000
"customstack.StackBenchmark.testIndexOf","avgt",1,3,13682.487041,3156.926679,"ns/op",60000
"customstack.StackBenchmark.testIndexOf","avgt",1,3,15758.901635,1412.850045,"ns/op",70000
"customstack.StackBenchmark.testIndexOf","avgt",1,3,18277.220229,11540.449175,"ns/op",80000
"customstack.StackBenchmark.testIndexOf","avgt",1,3,20166.051919,903.317022,"ns/op",90000
"customstack.StackBenchmark.testIndexOf","avgt",1,3,21813.658525,1381.340681,"ns/op",100000
"customstack.StackBenchmark.testIndexOfWithFromIndex","avgt",1,3,2706.240629,111.352667,"ns/op",10000
"customstack.StackBenchmark.testIndexOfWithFromIndex","avgt",1,3,5371.424327,2695.329284,"ns/op",20000
"customstack.StackBenchmark.testIndexOfWithFromIndex","avgt",1,3,7455.921667,7669.763951,"ns/op",30000
"customstack.StackBenchmark.testIndexOfWithFromIndex","avgt",1,3,9398.266000,10145.758319,"ns/op",40000
"customstack.StackBenchmark.testIndexOfWithFromIndex","avgt",1,3,11232.437012,406.909552,"ns/op",50000
"customstack.StackBenchmark.testIndexOfWithFromIndex","avgt",1,3,13601.215546,8067.873584,"ns/op",60000
"customstack.StackBenchmark.testIndexOfWithFromIndex","avgt",1,3,15403.298053,1499.587570,"ns/op",70000
"customstack.StackBenchmark.testIndexOfWithFromIndex","avgt",1,3,17453.155642,364.662983,"ns/op",80000
"customstack.StackBenchmark.testIndexOfWithFromIndex","avgt",1,3,20176.810863,2213.672693,"ns/op",90000
"customstack.StackBenchmark.testIndexOfWithFromIndex","avgt",1,3,22331.495240,20464.438316,"ns/op",100000
"customstack.StackBenchmark.testIsEmpty","avgt",1,3,31.340310,5.148055,"ns/op",10000
"customstack.StackBenchmark.testIsEmpty","avgt",1,3,35.219646,62.975788,"ns/op",20000
"customstack.StackBenchmark.testIsEmpty","avgt",1,3,40.157778,154.505102,"ns/op",30000
"customstack.StackBenchmark.testIsEmpty","avgt",1,3,48.185827,56.904024,"ns/op",40000
"customstack.StackBenchmark.testIsEmpty","avgt",1,3,47.653196,122.264343,"ns/op",50000
"customstack.StackBenchmark.testIsEmpty","avgt",1,3,46.855292,32.651926,"ns/op",60000
"customstack.StackBenchmark.testIsEmpty","avgt",1,3,44.207989,57.023573,"ns/op",70000
"customstack.StackBenchmark.testIsEmpty","avgt",1,3,44.546667,87.625008,"ns/op",80000
"customstack.StackBenchmark.testIsEmpty","avgt",1,3,43.107998,42.398564,"ns/op",90000
"customstack.StackBenchmark.testIsEmpty","avgt",1,3,50.510813,150.011155,"ns/op",100000
"customstack.StackBenchmark.testIterator","avgt",1,3,53279.458211,900.049435,"ns/op",10000
"customstack.StackBenchmark.testIterator","avgt",1,3,106378.193596,9904.502766,"ns/op",20000
"customstack.StackBenchmark.testIterator","avgt",1,3,158478.439181,3037.222358,"ns/op",30000
"customstack.StackBenchmark.testIterator","avgt",1,3,214323.718669,24227.123551,"ns/op",40000
"customstack.StackBenchmark.testIterator","avgt",1,3,279585.073067,542172.564487,"ns/op",50000
"customstack.StackBenchmark.testIterator","avgt",1,3,319946.089484,100179.897448,"ns/op",60000
"customstack.StackBenchmark.testIterator","avgt",1,3,369718.313395,11982.042519,"ns/op",70000
"customstack.StackBenchmark.testIterator","avgt",1,3,423464.248221,38924.585094,"ns/op",80000
"customstack.StackBenchmark.testIterator","avgt",1,3,479539.490569,138817.942701,"ns/op",90000
"customstack.StackBenchmark.testIterator","avgt",1,3,531317.661888,39546.037411,"ns/op",100000
"customstack.StackBenchmark.testLastIndexOfWithFromIndex","avgt",1,3,1954.327366,59.173431,"ns/op",10000
"customstack.StackBenchmark.testLastIndexOfWithFromIndex","avgt",1,3,4417.350047,203.887116,"ns/op",20000
"customstack.StackBenchmark.testLastIndexOfWithFromIndex","avgt",1,3,6780.253536,1994.302056,"ns/op",30000
"customstack.StackBenchmark.testLastIndexOfWithFromIndex","avgt",1,3,8781.270085,368.508035,"ns/op",40000
"customstack.StackBenchmark.testLastIndexOfWithFromIndex","avgt",1,3,10809.751469,205.950239,"ns/op",50000
"customstack.StackBenchmark.testLastIndexOfWithFromIndex","avgt",1,3,12932.703587,269.741179,"ns/op",60000
"customstack.StackBenchmark.testLastIndexOfWithFromIndex","avgt",1,3,15476.141132,15556.387108,"ns/op",70000
"customstack.StackBenchmark.testLastIndexOfWithFromIndex","avgt",1,3,16952.937734,1333.843754,"ns/op",80000
"customstack.StackBenchmark.testLastIndexOfWithFromIndex","avgt",1,3,19055.024387,480.965840,"ns/op",90000
"customstack.StackBenchmark.testLastIndexOfWithFromIndex","avgt",1,3,21127.389355,748.474746,"ns/op",100000
"customstack.StackBenchmark.testListIterator","avgt",1,3,53257.139426,399.814925,"ns/op",10000
"customstack.StackBenchmark.testListIterator","avgt",1,3,106415.350549,10139.547589,"ns/op",20000
"customstack.StackBenchmark.testListIterator","avgt",1,3,158210.633456,500.994456,"ns/op",30000
"customstack.StackBenchmark.testListIterator","avgt",1,3,213271.663575,41623.902071,"ns/op",40000
"customstack.StackBenchmark.testListIterator","avgt",1,3,263762.081595,5440.140836,"ns/op",50000
"customstack.StackBenchmark.testListIterator","avgt",1,3,329742.607620,376724.098673,"ns/op",60000
"customstack.StackBenchmark.testListIterator","avgt",1,3,369475.569139,7711.407917,"ns/op",70000
"customstack.StackBenchmark.testListIterator","avgt",1,3,422863.389430,12617.951422,"ns/op",80000
"customstack.StackBenchmark.testListIterator","avgt",1,3,474016.284671,26176.089785,"ns/op",90000
"customstack.StackBenchmark.testListIterator","avgt",1,3,547125.332713,486126.108124,"ns/op",100000
"customstack.StackBenchmark.testListIteratorWithIndex","avgt",1,3,26371.006616,404.101529,"ns/op",10000
"customstack.StackBenchmark.testListIteratorWithIndex","avgt",1,3,53268.566264,5184.884911,"ns/op",20000
"customstack.StackBenchmark.testListIteratorWithIndex","avgt",1,3,79204.168570,2765.388730,"ns/op",30000
"customstack.StackBenchmark.testListIteratorWithIndex","avgt",1,3,109012.262889,65678.608622,"ns/op",40000
"customstack.StackBenchmark.testListIteratorWithIndex","avgt",1,3,131868.619129,2152.681800,"ns/op",50000
"customstack.StackBenchmark.testListIteratorWithIndex","avgt",1,3,158401.589928,4201.087591,"ns/op",60000
"customstack.StackBenchmark.testListIteratorWithIndex","avgt",1,3,184935.977910,1270.072816,"ns/op",70000
"customstack.StackBenchmark.testListIteratorWithIndex","avgt",1,3,210530.480868,4856.631202,"ns/op",80000
"customstack.StackBenchmark.testListIteratorWithIndex","avgt",1,3,236702.779980,8960.672586,"ns/op",90000
"customstack.StackBenchmark.testListIteratorWithIndex","avgt",1,3,263653.354421,14864.862274,"ns/op",100000
"customstack.StackBenchmark.testPeek","avgt",1,3,33.179401,18.642827,"ns/op",10000
"customstack.StackBenchmark.testPeek","avgt",1,3,35.867976,77.009233,"ns/op",20000
"customstack.StackBenchmark.testPeek","avgt",1,3,61.930273,562.935028,"ns/op",30000
"customstack.StackBenchmark.testPeek","avgt",1,3,83.933158,828.854789,"ns/op",40000
"customstack.StackBenchmark.testPeek","avgt",1,3,109.068110,395.864895,"ns/op",50000
"customstack.StackBenchmark.testPeek","avgt",1,3,96.341976,83.021129,"ns/op",60000
"customstack.StackBenchmark.testPeek","avgt",1,3,94.307826,130.286633,"ns/op",70000
"customstack.StackBenchmark.testPeek","avgt",1,3,96.344093,31.598379,"ns/op",80000
"customstack.StackBenchmark.testPeek","avgt",1,3,102.243828,180.436461,"ns/op",90000
"customstack.StackBenchmark.testPeek","avgt",1,3,100.218216,155.756019,"ns/op",100000
"customstack.StackBenchmark.testPop","avgt",1,3,34.784666,8.350694,"ns/op",10000
"customstack.StackBenchmark.testPop","avgt",1,3,36.954396,97.160439,"ns/op",20000
"customstack.StackBenchmark.testPop","avgt",1,3,70.121859,1068.689340,"ns/op",30000
"customstack.StackBenchmark.testPop","avgt",1,3,108.803075,1168.810444,"ns/op",40000
"customstack.StackBenchmark.testPop","avgt",1,3,146.246183,172.803590,"ns/op",50000
"customstack.StackBenchmark.testPop","avgt",1,3,145.684312,75.186218,"ns/op",60000
"customstack.StackBenchmark.testPop","avgt",1,3,137.716406,62.039172,"ns/op",70000
"customstack.StackBenchmark.testPop","avgt",1,3,139.702233,76.446730,"ns/op",80000
"customstack.StackBenchmark.testPop","avgt",1,3,141.809270,131.960005,"ns/op",90000
"customstack.StackBenchmark.testPop","avgt",1,3,154.294698,342.104344,"ns/op",100000
"customstack.StackBenchmark.testPush","avgt",1,3,25082.176731,11755.048564,"ns/op",10000
"customstack.StackBenchmark.testPush","avgt",1,3,52437.875802,163852.814294,"ns/op",20000
"customstack.StackBenchmark.testPush","avgt",1,3,72878.464458,43576.080239,"ns/op",30000
"customstack.StackBenchmark.testPush","avgt",1,3,91769.142966,44849.958658,"ns/op",40000
"customstack.StackBenchmark.testPush","avgt",1,3,121013.489538,5953.871867,"ns/op",50000
"customstack.StackBenchmark.testPush","avgt",1,3,148066.255215,223446.197253,"ns/op",60000
"customstack.StackBenchmark.testPush","avgt",1,3,161991.019149,19781.612495,"ns/op",70000
"customstack.StackBenchmark.testPush","avgt",1,3,183310.296855,20583.529771,"ns/op",80000
"customstack.StackBenchmark.testPush","avgt",1,3,219929.922825,124251.515887,"ns/op",90000
"customstack.StackBenchmark.testPush","avgt",1,3,243385.159919,99593.101956,"ns/op",100000
"customstack.StackBenchmark.testRemoveAll","avgt",1,3,8151462.618280,177493.204486,"ns/op",10000
"customstack.StackBenchmark.testRemoveAll","avgt",1,3,32438071.125000,575152.098393,"ns/op",20000
"customstack.StackBenchmark.testRemoveAll","avgt",1,3,78271652.761905,1436719.885807,"ns/op",30000
"customstack.StackBenchmark.testRemoveAll","avgt",1,3,161468973.361111,334315767.450784,"ns/op",40000
"customstack.StackBenchmark.testRemoveAll","avgt",1,3,242825921.222222,96626717.550143,"ns/op",50000
"customstack.StackBenchmark.testRemoveAll","avgt",1,3,358370972.000000,479666254.582375,"ns/op",60000
"customstack.StackBenchmark.testRemoveAll","avgt",1,3,467029993.333333,572005675.907542,"ns/op",70000
"customstack.StackBenchmark.testRemoveAll","avgt",1,3,557956000.000000,8879968.106452,"ns/op",80000
"customstack.StackBenchmark.testRemoveAll","avgt",1,3,754866000.000000,910345705.837381,"ns/op",90000
"customstack.StackBenchmark.testRemoveAll","avgt",1,3,932901597.333333,1031235037.767769,"ns/op",100000
"customstack.StackBenchmark.testRemoveIndex","avgt",1,3,443.273955,34.999424,"ns/op",10000
"customstack.StackBenchmark.testRemoveIndex","avgt",1,3,882.728810,74.898805,"ns/op",20000
"customstack.StackBenchmark.testRemoveIndex","avgt",1,3,1394.159498,213.688226,"ns/op",30000
"customstack.StackBenchmark.testRemoveIndex","avgt",1,3,1827.653547,198.191792,"ns/op",40000
"customstack.StackBenchmark.testRemoveIndex","avgt",1,3,2360.392740,381.451993,"ns/op",50000
"customstack.StackBenchmark.testRemoveIndex","avgt",1,3,2886.631042,1924.590875,"ns/op",60000
"customstack.StackBenchmark.testRemoveIndex","avgt",1,3,3308.054322,15.002250,"ns/op",70000
"customstack.StackBenchmark.testRemoveIndex","avgt",1,3,3708.271524,57.553765,"ns/op",80000
"customstack.StackBenchmark.testRemoveIndex","avgt",1,3,4217.517564,418.701639,"ns/op",90000
"customstack.StackBenchmark.testRemoveIndex","avgt",1,3,4838.535878,2003.880383,"ns/op",100000
"customstack.StackBenchmark.testRemoveObject","avgt",1,3,3185.689846,34.252698,"ns/op",10000
"customstack.StackBenchmark.testRemoveObject","avgt",1,3,5982.653281,194.123414,"ns/op",20000
"customstack.StackBenchmark.testRemoveObject","avgt",1,3,8625.743978,5230.964448,"ns/op",30000
"customstack.StackBenchmark.testRemoveObject","avgt",1,3,11175.677554,6004.306526,"ns/op",40000
"customstack.StackBenchmark.testRemoveObject","avgt",1,3,13420.056583,682.334566,"ns/op",50000
"customstack.StackBenchmark.testRemoveObject","avgt",1,3,15911.593861,1014.142414,"ns/op",60000
"customstack.StackBenchmark.testRemoveObject","avgt",1,3,18473.636760,1874.051099,"ns/op",70000
"customstack.StackBenchmark.testRemoveObject","avgt",1,3,21320.998338,10063.239084,"ns/op",80000
"customstack.StackBenchmark.testRemoveObject","avgt",1,3,24273.314534,1550.744873,"ns/op",90000
"customstack.StackBenchmark.testRemoveObject","avgt",1,3,26865.942840,950.610053,"ns/op",100000
"customstack.StackBenchmark.testRetainAll","avgt",1,3,8122455.789384,53800.585370,"ns/op",10000
"customstack.StackBenchmark.testRetainAll","avgt",1,3,32282106.770833,326199.380270,"ns/op",20000
"customstack.StackBenchmark.testRetainAll","avgt",1,3,77707380.952381,6991431.378372,"ns/op",30000
"customstack.StackBenchmark.testRetainAll","avgt",1,3,156174052.000000,310765225.543519,"ns/op",40000
"customstack.StackBenchmark.testRetainAll","avgt",1,3,234083689.777778,45855897.067234,"ns/op",50000
"customstack.StackBenchmark.testRetainAll","avgt",1,3,308633159.833333,115607456.554944,"ns/op",60000
"customstack.StackBenchmark.testRetainAll","avgt",1,3,426779743.166667,344649529.614864,"ns/op",70000
"customstack.StackBenchmark.testRetainAll","avgt",1,3,541160194.333333,514727559.312751,"ns/op",80000
"customstack.StackBenchmark.testRetainAll","avgt",1,3,710400875.333333,808620957.954429,"ns/op",90000
"customstack.StackBenchmark.testRetainAll","avgt",1,3,872956319.666667,868835096.725093,"ns/op",100000
"customstack.StackBenchmark.testSearch","avgt",1,3,1956.034922,48.389100,"ns/op",10000
"customstack.StackBenchmark.testSearch","avgt",1,3,4419.304870,119.504423,"ns/op",20000
"customstack.StackBenchmark.testSearch","avgt",1,3,6802.691151,1252.820731,"ns/op",30000
"customstack.StackBenchmark.testSearch","avgt",1,3,11534.389421,82505.188879,"ns/op",40000
"customstack.StackBenchmark.testSearch","avgt",1,3,11066.650199,5441.089878,"ns/op",50000
"customstack.StackBenchmark.testSearch","avgt",1,3,12992.773338,999.641156,"ns/op",60000
"customstack.StackBenchmark.testSearch","avgt",1,3,15043.347469,710.319331,"ns/op",70000
"customstack.StackBenchmark.testSearch","avgt",1,3,17502.332134,14903.243510,"ns/op",80000
"customstack.StackBenchmark.testSearch","avgt",1,3,19145.304900,581.437427,"ns/op",90000
"customstack.StackBenchmark.testSearch","avgt",1,3,21149.450008,1082.220083,"ns/op",100000
"customstack.StackBenchmark.testSet","avgt",1,3,38.018704,11.675742,"ns/op",10000
"customstack.StackBenchmark.testSet","avgt",1,3,45.970738,93.915675,"ns/op",20000
"customstack.StackBenchmark.testSet","avgt",1,3,54.051598,412.368062,"ns/op",30000
"customstack.StackBenchmark.testSet","avgt",1,3,64.154676,342.986631,"ns/op",40000
"customstack.StackBenchmark.testSet","avgt",1,3,71.262502,89.873446,"ns/op",50000
"customstack.StackBenchmark.testSet","avgt",1,3,78.885272,395.568302,"ns/op",60000
"customstack.StackBenchmark.testSet","avgt",1,3,69.653283,378.494493,"ns/op",70000
"customstack.StackBenchmark.testSet","avgt",1,3,66.930332,144.013807,"ns/op",80000
"customstack.StackBenchmark.testSet","avgt",1,3,67.632045,70.269844,"ns/op",90000
"customstack.StackBenchmark.testSet","avgt",1,3,97.486076,339.962607,"ns/op",100000
"customstack.StackBenchmark.testSize","avgt",1,3,33.015423,4.466880,"ns/op",10000
"customstack.StackBenchmark.testSize","avgt",1,3,34.883042,49.129529,"ns/op",20000
"customstack.StackBenchmark.testSize","avgt",1,3,42.691035,133.174889,"ns/op",30000
"customstack.StackBenchmark.testSize","avgt",1,3,51.756490,258.273168,"ns/op",40000
"customstack.StackBenchmark.testSize","avgt",1,3,47.860856,181.068498,"ns/op",50000
"customstack.StackBenchmark.testSize","avgt",1,3,40.167524,29.617030,"ns/op",60000
"customstack.StackBenchmark.testSize","avgt",1,3,42.521742,71.420375,"ns/op",70000
"customstack.StackBenchmark.testSize","avgt",1,3,42.743527,142.204430,"ns/op",80000
"customstack.StackBenchmark.testSize","avgt",1,3,42.200988,54.009140,"ns/op",90000
"customstack.StackBenchmark.testSize","avgt",1,3,40.455109,20.372780,"ns/op",100000
"customstack.StackBenchmark.testSort","avgt",1,3,12690.396767,253.296187,"ns/op",10000
"customstack.StackBenchmark.testSort","avgt",1,3,25030.980221,1278.543724,"ns/op",20000
"customstack.StackBenchmark.testSort","avgt",1,3,37676.553606,2452.580023,"ns/op",30000
"customstack.StackBenchmark.testSort","avgt",1,3,49945.811136,1276.675618,"ns/op",40000
"customstack.StackBenchmark.testSort","avgt",1,3,63477.943216,2094.816539,"ns/op",50000
"customstack.StackBenchmark.testSort","avgt",1,3,75564.403997,2459.244344,"ns/op",60000
"customstack.StackBenchmark.testSort","avgt",1,3,88240.392537,2752.722387,"ns/op",70000
"customstack.StackBenchmark.testSort","avgt",1,3,100513.525025,1727.446056,"ns/op",80000
"customstack.StackBenchmark.testSort","avgt",1,3,116055.645398,5115.579892,"ns/op",90000
"customstack.StackBenchmark.testSort","avgt",1,3,128215.856864,2147.953048,"ns/op",100000
"customstack.StackBenchmark.testSpliterator","avgt",1,3,31.147373,2.655680,"ns/op",10000
"customstack.StackBenchmark.testSpliterator","avgt",1,3,34.154177,74.635883,"ns/op",20000
"customstack.StackBenchmark.testSpliterator","avgt",1,3,45.628406,327.375777,"ns/op",30000
"customstack.StackBenchmark.testSpliterator","avgt",1,3,59.792132,436.120235,"ns/op",40000
"customstack.StackBenchmark.testSpliterator","avgt",1,3,79.951612,304.430714,"ns/op",50000
"customstack.StackBenchmark.testSpliterator","avgt",1,3,65.140698,23.298494,"ns/op",60000
"customstack.StackBenchmark.testSpliterator","avgt",1,3,66.134050,236.979613,"ns/op",70000
"customstack.StackBenchmark.testSpliterator","avgt",1,3,69.552685,121.553852,"ns/op",80000
"customstack.StackBenchmark.testSpliterator","avgt",1,3,71.629445,137.292103,"ns/op",90000
"customstack.StackBenchmark.testSpliterator","avgt",1,3,70.459267,128.305831,"ns/op",100000
"customstack.StackBenchmark.testSubList","avgt",1,3,34.113589,8.971059,"ns/op",10000
"customstack.StackBenchmark.testSubList","avgt",1,3,38.045066,75.979274,"ns/op",20000
"customstack.StackBenchmark.testSubList","avgt",1,3,67.932806,694.337419,"ns/op",30000
"customstack.StackBenchmark.testSubList","avgt",1,3,92.404299,652.478262,"ns/op",40000
"customstack.StackBenchmark.testSubList","avgt",1,3,138.580618,279.581533,"ns/op",50000
"customstack.StackBenchmark.testSubList","avgt",1,3,1580.105531,38464.303307,"ns/op",60000
"customstack.StackBenchmark.testSubList","avgt",1,3,878.564222,6427.817006,"ns/op",70000
"customstack.StackBenchmark.testSubList","avgt",1,3,487.640666,4668.834996,"ns/op",80000
"customstack.StackBenchmark.testSubList","avgt",1,3,1222.847422,8867.256977,"ns/op",90000
"customstack.StackBenchmark.testSubList","avgt",1,3,852.854920,6604.274995,"ns/op",100000
"customstack.StackBenchmark.testToArray","avgt",1,3,1571.119119,1640.460518,"ns/op",10000
"customstack.StackBenchmark.testToArray","avgt",1,3,2282.772226,1278.247533,"ns/op",20000
"customstack.StackBenchmark.testToArray","avgt",1,3,4040.181056,7660.513901,"ns/op",30000
"customstack.StackBenchmark.testToArray","avgt",1,3,4986.337439,11272.283603,"ns/op",40000
"customstack.StackBenchmark.testToArray","avgt",1,3,7495.893999,4044.113943,"ns/op",50000
"customstack.StackBenchmark.testToArray","avgt",1,3,9216.386366,1890.864342,"ns/op",60000
"customstack.StackBenchmark.testToArray","avgt",1,3,10607.965916,1494.307472,"ns/op",70000
"customstack.StackBenchmark.testToArray","avgt",1,3,12126.902539,17573.411478,"ns/op",80000
"customstack.StackBenchmark.testToArray","avgt",1,3,13772.538290,9354.159327,"ns/op",90000
"customstack.StackBenchmark.testToArray","avgt",1,3,14880.746916,9823.584956,"ns/op",100000
"customstack.StackBenchmark.testToArrayWithType","avgt",1,3,5914.411615,1125.147567,"ns/op",10000
"customstack.StackBenchmark.testToArrayWithType","avgt",1,3,11460.426377,2341.332091,"ns/op",20000
"customstack.StackBenchmark.testToArrayWithType","avgt",1,3,16707.743448,1754.744073,"ns/op",30000
"customstack.StackBenchmark.testToArrayWithType","avgt",1,3,21933.326376,5633.614949,"ns/op",40000
"customstack.StackBenchmark.testToArrayWithType","avgt",1,3,27870.141719,6594.545733,"ns/op",50000
"customstack.StackBenchmark.testToArrayWithType","avgt",1,3,34432.893956,30831.145698,"ns/op",60000
"customstack.StackBenchmark.testToArrayWithType","avgt",1,3,39238.306161,10313.061457,"ns/op",70000
"customstack.StackBenchmark.testToArrayWithType","avgt",1,3,48420.658036,69286.152664,"ns/op",80000
"customstack.StackBenchmark.testToArrayWithType","avgt",1,3,53110.531772,54456.624909,"ns/op",90000
"customstack.StackBenchmark.testToArrayWithType","avgt",1,3,59742.043917,78722.946917,"ns/op",100000
"customstack.StackBenchmark.testToString","avgt",1,3,138649.902197,10496.240308,"ns/op",10000
"customstack.StackBenchmark.testToString","avgt",1,3,302961.041120,12168.935066,"ns/op",20000
"customstack.StackBenchmark.testToString","avgt",1,3,471554.099275,10708.727662,"ns/op",30000
"customstack.StackBenchmark.testToString","avgt",1,3,646008.073528,944804.046988,"ns/op",40000
"customstack.StackBenchmark.testToString","avgt",1,3,781195.977330,74695.562229,"ns/op",50000
"customstack.StackBenchmark.testToString","avgt",1,3,917306.500308,60827.951617,"ns/op",60000
"customstack.StackBenchmark.testToString","avgt",1,3,1069226.507204,152880.316206,"ns/op",70000
"customstack.StackBenchmark.testToString","avgt",1,3,1217537.352114,302600.853013,"ns/op",80000
"customstack.StackBenchmark.testToString","avgt",1,3,1406632.615628,520043.416252,"ns/op",90000
"customstack.StackBenchmark.testToString","avgt",1,3,1590804.935198,816849.147916,"ns/op",100000
"customstack.StackBenchmark.testTrimToSize","avgt",1,3,1225.341756,1907.616885,"ns/op",10000
"customstack.StackBenchmark.testTrimToSize","avgt",1,3,2270.269111,1131.759752,"ns/op",20000
"customstack.StackBenchmark.testTrimToSize","avgt",1,3,4071.553563,10886.891122,"ns/op",30000
"customstack.StackBenchmark.testTrimToSize","avgt",1,3,5020.161997,11662.808819,"ns/op",40000
"customstack.StackBenchmark.testTrimToSize","avgt",1,3,7505.941975,6669.083545,"ns/op",50000
"customstack.StackBenchmark.testTrimToSize","avgt",1,3,9266.295383,705.130796,"ns/op",60000
"customstack.StackBenchmark.testTrimToSize","avgt",1,3,11275.573410,11053.820643,"ns/op",70000
"customstack.StackBenchmark.testTrimToSize","avgt",1,3,13565.065617,87959.555921,"ns/op",80000
"customstack.StackBenchmark.testTrimToSize","avgt",1,3,13908.831814,2502.924020,"ns/op",90000
"customstack.StackBenchmark.testTrimToSize","avgt",1,3,15551.597830,17308.261952,"ns/op",100000
